id,nama,satuan,kategori,stok_dalam,stok_luar,ambang_min,alur,aktif,kode,catatan
m10coly,Ayam Suwir,Porsi,Freezer Protein,5,11,8,LUAR,True,AS,
m2mu7n0,Topping Kwetiau,Porsi,Freezer Protein,12,15,8,LUAR,True,TK,
m3vyiil,Ayam Jamur,Porsi,Freezer Protein,19,18,8,LUAR,True,AJ,
m4lqzwv,Dada Gurih Manis,Porsi,Freezer Protein,26,22,8,LUAR,True,DGM,
m57wr9j,Cumi,Porsi,Freezer Protein,8,7,8,LUAR,True,C,
m6tp9v4,Lidah,Porsi,Freezer Protein,15,7,8,LUAR,True,L,
m7j6k35,Teri Pete,Porsi,Freezer Protein,22,9,8,LUAR,True,TP,
m8hz0u0,Sambal Bawang,Pack,Freezer Bumbu,8,11,8,LUAR,True,SB,
m9obd0s,Sambal Kuning,Pack,Freezer Bumbu,15,7,8,LUAR,True,SK,
mawsv08,Bumbu Segara,Pack,Freezer Bumbu,22,7,8,LUAR,True,BS,
mbpy3qx,Bumbu Kwetiau,Pack,Freezer Bumbu,29,9,8,LUAR,True,BK,
mc7puqh,Mineral,Botol,Flavourful Drink,11,11,8,LUAR,True,M,
mdu2xvh,Air Tahu,Botol,Flavourful Drink,18,7,8,LUAR,True,AT,
me3xemz,Soda Polaris,Kaleng,Flavourful Drink,25,8,8,LUAR,True,Polaris,
mfannts,Kopi,Pack,Flavourful Drink,7,9,8,LUAR,True,Kopi,
mgmpkn5,Diamond Milk,Pcs,Barang Kering (Dairy + Plant Base Milk),14,11,8,LUAR,True,UHT,
mhtq606,Susu Evaporasi,Kaleng,Barang Kering (Dairy + Plant Base Milk),21,6,8,LUAR,True,Evap,
miofm01,Keju,Pcs,Barang Kering (Dairy + Plant Base Milk),28,8,8,LUAR,True,Keju,
mjvyxzx,Plastik Sampah S,Lbr,Cleaning Supplies + Utensils,17,9,8,LUAR,True,Ps.ukS,1 Pack Isi 10 pcs
mkd0a8o,Thermal Paper,Roll,Cleaning Supplies + Utensils,24,11,8,LUAR,True,Paper,
mlee570,Tissue Meja,Pack,Cleaning Supplies + Utensils,6,0,8,LANGSUNG_HABIS,True,Tmeja,
mmzmhqu,Sedotan,Pack,Cleaning Supplies + Utensils,13,0,8,LANGSUNG_HABIS,True,Sdt,
