rekap_id,barang_id,barang,saldo_awal,diambil,sisa,terpakai,catatan
m1xv50ed,m10coly,Ayam Suwir,4,15,6,13,
m1xv50ed,m2mu7n0,Topping Kwetiau,5,20,8,17,
m1xv50ed,m3vyiil,Ayam Jamur,6,25,9,22,
m1xv50ed,m4lqzwv,Dada Gurih Manis,7,30,11,26,
m1xv50ed,m57wr9j,Cumi,8,15,7,16,
m1xv50ed,m6tp9v4,Lidah,4,20,7,17,
m1xv50ed,m7j6k35,Teri Pete,5,25,9,21,
m1xv50ed,m8hz0u0,Sambal Bawang,6,30,11,25,
m1xv50ed,m9obd0s,Sambal Kuning,8,15,7,16,
m1xv50ed,mawsv08,Bumbu Segara,4,20,7,17,
m1xv50ed,mbpy3qx,Bumbu Kwetiau,5,25,9,21,
m1xv50ed,mc7puqh,Mineral,6,30,11,25,
m1xv50ed,mdu2xvh,Air Tahu,7,15,7,15,
m1xv50ed,me3xemz,Soda Polaris,8,20,8,20,
m1xv50ed,mfannts,Kopi,5,25,9,21,
m1xv50ed,mgmpkn5,Diamond Milk,5,30,11,24,
m1xv50ed,mhtq606,Susu Evaporasi,6,15,6,15,
m1xv50ed,miofm01,Keju,7,20,8,19,
m1xv50ed,mjvyxzx,Plastik Sampah S,4,25,9,20,
m1xv50ed,mkd0a8o,Thermal Paper,5,30,11,24,
m1cpk8xs,m10coly,Ayam Suwir,2,12,4,10,
m1cpk8xs,m2mu7n0,Topping Kwetiau,3,16,5,14,
m1cpk8xs,m3vyiil,Ayam Jamur,3,20,6,17,
m1cpk8xs,m4lqzwv,Dada Gurih Manis,4,24,7,21,
m1cpk8xs,m57wr9j,Cumi,4,28,8,24,
m1cpk8xs,m6tp9v4,Lidah,2,14,4,12,
m1cpk8xs,m7j6k35,Teri Pete,3,18,5,16,
m1cpk8xs,m8hz0u0,Sambal Bawang,3,22,6,19,
m1cpk8xs,m9obd0s,Sambal Kuning,4,26,8,22,
m1cpk8xs,mawsv08,Bumbu Segara,4,12,4,12,
m1cpk8xs,mbpy3qx,Bumbu Kwetiau,2,16,5,13,
m1cpk8xs,mc7puqh,Mineral,3,20,6,17,
m1cpk8xs,mdu2xvh,Air Tahu,3,24,7,20,
m1cpk8xs,me3xemz,Soda Polaris,4,28,8,24,
m1cpk8xs,mfannts,Kopi,4,14,5,13,
m1cpk8xs,mgmpkn5,Diamond Milk,2,18,5,15,
m1cpk8xs,mhtq606,Susu Evaporasi,3,22,6,19,
m1cpk8xs,miofm01,Keju,3,26,7,22,
m1cpk8xs,mjvyxzx,Plastik Sampah S,4,12,4,12,
m1cpk8xs,mkd0a8o,Thermal Paper,4,16,5,15,
mr3vrnc,m10coly,Ayam Suwir,0,10,2,8,
mr3vrnc,m2mu7n0,Topping Kwetiau,0,13,3,10,
mr3vrnc,m3vyiil,Ayam Jamur,0,16,3,13,
mr3vrnc,m4lqzwv,Dada Gurih Manis,0,19,4,15,
mr3vrnc,m57wr9j,Cumi,0,22,4,18,
mr3vrnc,m6tp9v4,Lidah,0,10,2,8,
mr3vrnc,m7j6k35,Teri Pete,0,13,3,10,
mr3vrnc,m8hz0u0,Sambal Bawang,0,16,3,13,
mr3vrnc,m9obd0s,Sambal Kuning,0,19,4,15,
mr3vrnc,mawsv08,Bumbu Segara,0,22,4,18,
mr3vrnc,mbpy3qx,Bumbu Kwetiau,0,10,2,8,
mr3vrnc,mc7puqh,Mineral,0,13,3,10,
mr3vrnc,mdu2xvh,Air Tahu,0,16,3,13,
mr3vrnc,me3xemz,Soda Polaris,0,19,4,15,
mr3vrnc,mfannts,Kopi,0,22,4,18,
mr3vrnc,mgmpkn5,Diamond Milk,0,10,2,8,
mr3vrnc,mhtq606,Susu Evaporasi,0,13,3,10,
mr3vrnc,miofm01,Keju,0,16,3,13,
mr3vrnc,mjvyxzx,Plastik Sampah S,0,19,4,15,
mr3vrnc,mkd0a8o,Thermal Paper,0,22,4,18,
