id,ts,waktu,jenis,barang_id,barang,jumlah,karyawan_id,karyawan,alur,supplier,status,dicatat_oleh,catatan,kategori,satuan
m2i22qc9,1790616184338,29/09/2026 00:23,AMBIL,m10coly,Ayam Suwir,5,mn3kzj8,Budi Santoso,LUAR,,AKTIF,karyawan,,Freezer Protein,Porsi
m2jw4cpc,1790616184338,29/09/2026 00:23,AMBIL,m2mu7n0,Topping Kwetiau,7,mn3kzj8,Budi Santoso,LUAR,,AKTIF,karyawan,,Freezer Protein,Porsi
m2kylibm,1790616184338,29/09/2026 00:23,AMBIL,m3vyiil,Ayam Jamur,9,mn3kzj8,Budi Santoso,LUAR,,AKTIF,karyawan,,Freezer Protein,Porsi
m2lv69go,1790616184338,29/09/2026 00:23,AMBIL,m4lqzwv,Dada Gurih Manis,11,mn3kzj8,Budi Santoso,LUAR,,AKTIF,karyawan,,Freezer Protein,Porsi
m1yjx81j,1790571600000,28/09/2026 12:00,AMBIL,m10coly,Ayam Suwir,15,mn3kzj8,Budi Santoso,LUAR,,AKTIF,karyawan,,Freezer Protein,Porsi
m1zmxlxs,1790571600000,28/09/2026 12:00,AMBIL,m2mu7n0,Topping Kwetiau,20,mn3kzj8,Budi Santoso,LUAR,,AKTIF,karyawan,,Freezer Protein,Porsi
m20pen8h,1790571600000,28/09/2026 12:00,AMBIL,m3vyiil,Ayam Jamur,25,mn3kzj8,Budi Santoso,LUAR,,AKTIF,karyawan,,Freezer Protein,Porsi
m21773um,1790571600000,28/09/2026 12:00,AMBIL,m4lqzwv,Dada Gurih Manis,30,mn3kzj8,Budi Santoso,LUAR,,AKTIF,karyawan,,Freezer Protein,Porsi
m2234z2p,1790571600000,28/09/2026 12:00,AMBIL,m57wr9j,Cumi,15,mn3kzj8,Budi Santoso,LUAR,,AKTIF,karyawan,,Freezer Protein,Porsi
m23i6im9,1790571600000,28/09/2026 12:00,AMBIL,m6tp9v4,Lidah,20,mn3kzj8,Budi Santoso,LUAR,,AKTIF,karyawan,,Freezer Protein,Porsi
m24cj9ff,1790571600000,28/09/2026 12:00,AMBIL,m7j6k35,Teri Pete,25,mn3kzj8,Budi Santoso,LUAR,,AKTIF,karyawan,,Freezer Protein,Porsi
m256yfuy,1790571600000,28/09/2026 12:00,AMBIL,m8hz0u0,Sambal Bawang,30,mn3kzj8,Budi Santoso,LUAR,,AKTIF,karyawan,,Freezer Bumbu,Pack
m26k28av,1790571600000,28/09/2026 12:00,AMBIL,m9obd0s,Sambal Kuning,15,mn3kzj8,Budi Santoso,LUAR,,AKTIF,karyawan,,Freezer Bumbu,Pack
m271a894,1790571600000,28/09/2026 12:00,AMBIL,mawsv08,Bumbu Segara,20,mn3kzj8,Budi Santoso,LUAR,,AKTIF,karyawan,,Freezer Bumbu,Pack
m281jrmm,1790571600000,28/09/2026 12:00,AMBIL,mbpy3qx,Bumbu Kwetiau,25,mn3kzj8,Budi Santoso,LUAR,,AKTIF,karyawan,,Freezer Bumbu,Pack
m29wykht,1790571600000,28/09/2026 12:00,AMBIL,mc7puqh,Mineral,30,mn3kzj8,Budi Santoso,LUAR,,AKTIF,karyawan,,Flavourful Drink,Botol
m2ai5u3t,1790571600000,28/09/2026 12:00,AMBIL,mdu2xvh,Air Tahu,15,mn3kzj8,Budi Santoso,LUAR,,AKTIF,karyawan,,Flavourful Drink,Botol
m2bigyrt,1790571600000,28/09/2026 12:00,AMBIL,me3xemz,Soda Polaris,20,mn3kzj8,Budi Santoso,LUAR,,AKTIF,karyawan,,Flavourful Drink,Kaleng
m2cjpu7a,1790571600000,28/09/2026 12:00,AMBIL,mfannts,Kopi,25,mn3kzj8,Budi Santoso,LUAR,,AKTIF,karyawan,,Flavourful Drink,Pack
m2dhbamk,1790571600000,28/09/2026 12:00,AMBIL,mgmpkn5,Diamond Milk,30,mn3kzj8,Budi Santoso,LUAR,,AKTIF,karyawan,,Barang Kering (Dairy + Plant Base Milk),Pcs
m2eeuzpi,1790571600000,28/09/2026 12:00,AMBIL,mhtq606,Susu Evaporasi,15,mn3kzj8,Budi Santoso,LUAR,,AKTIF,karyawan,,Barang Kering (Dairy + Plant Base Milk),Kaleng
m2f5obz7,1790571600000,28/09/2026 12:00,AMBIL,miofm01,Keju,20,mn3kzj8,Budi Santoso,LUAR,,AKTIF,karyawan,,Barang Kering (Dairy + Plant Base Milk),Pcs
m2gndh9s,1790571600000,28/09/2026 12:00,AMBIL,mjvyxzx,Plastik Sampah S,25,mn3kzj8,Budi Santoso,LUAR,,AKTIF,karyawan,,Cleaning Supplies + Utensils,Lbr
m2hrfj95,1790571600000,28/09/2026 12:00,AMBIL,mkd0a8o,Thermal Paper,30,mn3kzj8,Budi Santoso,LUAR,,AKTIF,karyawan,,Cleaning Supplies + Utensils,Roll
m1dr6xqx,1790485200000,27/09/2026 12:00,AMBIL,m10coly,Ayam Suwir,12,mokej3l,Sari,LUAR,,AKTIF,karyawan,,Freezer Protein,Porsi
m1eh07n0,1790485200000,27/09/2026 12:00,AMBIL,m2mu7n0,Topping Kwetiau,16,mokej3l,Sari,LUAR,,AKTIF,karyawan,,Freezer Protein,Porsi
m1fnhmep,1790485200000,27/09/2026 12:00,AMBIL,m3vyiil,Ayam Jamur,20,mokej3l,Sari,LUAR,,AKTIF,karyawan,,Freezer Protein,Porsi
m1gzyern,1790485200000,27/09/2026 12:00,AMBIL,m4lqzwv,Dada Gurih Manis,24,mokej3l,Sari,LUAR,,AKTIF,karyawan,,Freezer Protein,Porsi
m1h437ft,1790485200000,27/09/2026 12:00,AMBIL,m57wr9j,Cumi,28,mokej3l,Sari,LUAR,,AKTIF,karyawan,,Freezer Protein,Porsi
m1ifbovy,1790485200000,27/09/2026 12:00,AMBIL,m6tp9v4,Lidah,14,mokej3l,Sari,LUAR,,AKTIF,karyawan,,Freezer Protein,Porsi
m1jz610q,1790485200000,27/09/2026 12:00,AMBIL,m7j6k35,Teri Pete,18,mokej3l,Sari,LUAR,,AKTIF,karyawan,,Freezer Protein,Porsi
m1k862ob,1790485200000,27/09/2026 12:00,AMBIL,m8hz0u0,Sambal Bawang,22,mokej3l,Sari,LUAR,,AKTIF,karyawan,,Freezer Bumbu,Pack
m1lxyrmf,1790485200000,27/09/2026 12:00,AMBIL,m9obd0s,Sambal Kuning,26,mokej3l,Sari,LUAR,,AKTIF,karyawan,,Freezer Bumbu,Pack
m1mhlg5w,1790485200000,27/09/2026 12:00,AMBIL,mawsv08,Bumbu Segara,12,mokej3l,Sari,LUAR,,AKTIF,karyawan,,Freezer Bumbu,Pack
m1n19two,1790485200000,27/09/2026 12:00,AMBIL,mbpy3qx,Bumbu Kwetiau,16,mokej3l,Sari,LUAR,,AKTIF,karyawan,,Freezer Bumbu,Pack
m1oveesm,1790485200000,27/09/2026 12:00,AMBIL,mc7puqh,Mineral,20,mokej3l,Sari,LUAR,,AKTIF,karyawan,,Flavourful Drink,Botol
m1p35ggl,1790485200000,27/09/2026 12:00,AMBIL,mdu2xvh,Air Tahu,24,mokej3l,Sari,LUAR,,AKTIF,karyawan,,Flavourful Drink,Botol
m1qep4n6,1790485200000,27/09/2026 12:00,AMBIL,me3xemz,Soda Polaris,28,mokej3l,Sari,LUAR,,AKTIF,karyawan,,Flavourful Drink,Kaleng
m1r1i9a1,1790485200000,27/09/2026 12:00,AMBIL,mfannts,Kopi,14,mokej3l,Sari,LUAR,,AKTIF,karyawan,,Flavourful Drink,Pack
m1selein,1790485200000,27/09/2026 12:00,AMBIL,mgmpkn5,Diamond Milk,18,mokej3l,Sari,LUAR,,AKTIF,karyawan,,Barang Kering (Dairy + Plant Base Milk),Pcs
m1tk195i,1790485200000,27/09/2026 12:00,AMBIL,mhtq606,Susu Evaporasi,22,mokej3l,Sari,LUAR,,AKTIF,karyawan,,Barang Kering (Dairy + Plant Base Milk),Kaleng
m1uahtuw,1790485200000,27/09/2026 12:00,AMBIL,miofm01,Keju,26,mokej3l,Sari,LUAR,,AKTIF,karyawan,,Barang Kering (Dairy + Plant Base Milk),Pcs
m1v575av,1790485200000,27/09/2026 12:00,AMBIL,mjvyxzx,Plastik Sampah S,12,mokej3l,Sari,LUAR,,AKTIF,karyawan,,Cleaning Supplies + Utensils,Lbr
m1w7utyh,1790485200000,27/09/2026 12:00,AMBIL,mkd0a8o,Thermal Paper,16,mokej3l,Sari,LUAR,,AKTIF,karyawan,,Cleaning Supplies + Utensils,Roll
msd33sj,1790398800000,26/09/2026 12:00,AMBIL,m10coly,Ayam Suwir,10,mpe6o5u,Andi Wijaya,LUAR,,AKTIF,karyawan,,Freezer Protein,Porsi
mtstkoz,1790398800000,26/09/2026 12:00,AMBIL,m2mu7n0,Topping Kwetiau,13,mpe6o5u,Andi Wijaya,LUAR,,AKTIF,karyawan,,Freezer Protein,Porsi
muigl61,1790398800000,26/09/2026 12:00,AMBIL,m3vyiil,Ayam Jamur,16,mpe6o5u,Andi Wijaya,LUAR,,AKTIF,karyawan,,Freezer Protein,Porsi
mv3ago3,1790398800000,26/09/2026 12:00,AMBIL,m4lqzwv,Dada Gurih Manis,19,mpe6o5u,Andi Wijaya,LUAR,,AKTIF,karyawan,,Freezer Protein,Porsi
mws6w6n,1790398800000,26/09/2026 12:00,AMBIL,m57wr9j,Cumi,22,mpe6o5u,Andi Wijaya,LUAR,,AKTIF,karyawan,,Freezer Protein,Porsi
mx9ykx1,1790398800000,26/09/2026 12:00,AMBIL,m6tp9v4,Lidah,10,mpe6o5u,Andi Wijaya,LUAR,,AKTIF,karyawan,,Freezer Protein,Porsi
myvrvhv,1790398800000,26/09/2026 12:00,AMBIL,m7j6k35,Teri Pete,13,mpe6o5u,Andi Wijaya,LUAR,,AKTIF,karyawan,,Freezer Protein,Porsi
mzajdvb,1790398800000,26/09/2026 12:00,AMBIL,m8hz0u0,Sambal Bawang,16,mpe6o5u,Andi Wijaya,LUAR,,AKTIF,karyawan,,Freezer Bumbu,Pack
m10zuxh3,1790398800000,26/09/2026 12:00,AMBIL,m9obd0s,Sambal Kuning,19,mpe6o5u,Andi Wijaya,LUAR,,AKTIF,karyawan,,Freezer Bumbu,Pack
m11n7b6t,1790398800000,26/09/2026 12:00,AMBIL,mawsv08,Bumbu Segara,22,mpe6o5u,Andi Wijaya,LUAR,,AKTIF,karyawan,,Freezer Bumbu,Pack
m12d6b41,1790398800000,26/09/2026 12:00,AMBIL,mbpy3qx,Bumbu Kwetiau,10,mpe6o5u,Andi Wijaya,LUAR,,AKTIF,karyawan,,Freezer Bumbu,Pack
m13l0wyd,1790398800000,26/09/2026 12:00,AMBIL,mc7puqh,Mineral,13,mpe6o5u,Andi Wijaya,LUAR,,AKTIF,karyawan,,Flavourful Drink,Botol
m14cjeb8,1790398800000,26/09/2026 12:00,AMBIL,mdu2xvh,Air Tahu,16,mpe6o5u,Andi Wijaya,LUAR,,AKTIF,karyawan,,Flavourful Drink,Botol
m152hayv,1790398800000,26/09/2026 12:00,AMBIL,me3xemz,Soda Polaris,19,mpe6o5u,Andi Wijaya,LUAR,,AKTIF,karyawan,,Flavourful Drink,Kaleng
m16lxavj,1790398800000,26/09/2026 12:00,AMBIL,mfannts,Kopi,22,mpe6o5u,Andi Wijaya,LUAR,,AKTIF,karyawan,,Flavourful Drink,Pack
m17g7b8e,1790398800000,26/09/2026 12:00,AMBIL,mgmpkn5,Diamond Milk,10,mpe6o5u,Andi Wijaya,LUAR,,AKTIF,karyawan,,Barang Kering (Dairy + Plant Base Milk),Pcs
m18xzm4s,1790398800000,26/09/2026 12:00,AMBIL,mhtq606,Susu Evaporasi,13,mpe6o5u,Andi Wijaya,LUAR,,AKTIF,karyawan,,Barang Kering (Dairy + Plant Base Milk),Kaleng
m19gf8h8,1790398800000,26/09/2026 12:00,AMBIL,miofm01,Keju,16,mpe6o5u,Andi Wijaya,LUAR,,AKTIF,karyawan,,Barang Kering (Dairy + Plant Base Milk),Pcs
m1azvubm,1790398800000,26/09/2026 12:00,AMBIL,mjvyxzx,Plastik Sampah S,19,mpe6o5u,Andi Wijaya,LUAR,,AKTIF,karyawan,,Cleaning Supplies + Utensils,Lbr
m1b1k0yz,1790398800000,26/09/2026 12:00,AMBIL,mkd0a8o,Thermal Paper,22,mpe6o5u,Andi Wijaya,LUAR,,AKTIF,karyawan,,Cleaning Supplies + Utensils,Roll
